file,line,col,category,source,severity,is_silent
qtrader/research/session.py,126,12,BROAD_CATCH,"Name(id='Exception', ctx=Load())",LOW,True
qtrader/research/session.py,126,12,SILENT_FAILURE,"Name(id='Exception', ctx=Load())",LOW,True
qtrader/research/session.py,456,8,BROAD_CATCH,"Name(id='Exception', ctx=Load())",LOW,False
qtrader/research/session.py,469,8,BROAD_CATCH,"Name(id='Exception', ctx=Load())",LOW,False
qtrader/research/session.py,531,16,BROAD_CATCH,"Name(id='Exception', ctx=Load())",LOW,True
qtrader/research/session.py,531,16,SILENT_FAILURE,"Name(id='Exception', ctx=Load())",LOW,True
qtrader/oms/replay_engine.py,69,12,BROAD_CATCH,"Name(id='Exception', ctx=Load())",HIGH,False
qtrader/oms/event_store.py,31,8,BROAD_CATCH,"Name(id='Exception', ctx=Load())",HIGH,True
qtrader/oms/event_store.py,31,8,SILENT_FAILURE,"Name(id='Exception', ctx=Load())",HIGH,True
qtrader/oms/oms_adapter.py,269,8,ASYNC_FAILURE,unawaited_task,MEDIUM,True
qtrader/oms/oms_adapter.py,284,8,BROAD_CATCH,"Name(id='Exception', ctx=Load())",HIGH,True
qtrader/oms/oms_adapter.py,284,8,SILENT_FAILURE,"Name(id='Exception', ctx=Load())",HIGH,True
qtrader/oms/order_management_system.py,133,8,SILENT_FAILURE,"Name(id='ValueError', ctx=Load())",HIGH,True
qtrader/pipeline/monitor.py,195,8,BROAD_CATCH,"Name(id='Exception', ctx=Load())",MEDIUM,True
qtrader/pipeline/monitor.py,195,8,SILENT_FAILURE,"Name(id='Exception', ctx=Load())",MEDIUM,True
qtrader/pipeline/deployment.py,127,8,BROAD_CATCH,"Name(id='Exception', ctx=Load())",MEDIUM,False
qtrader/pipeline/research.py,329,8,BROAD_CATCH,"Name(id='Exception', ctx=Load())",MEDIUM,False
qtrader/tca/venue_ranking.py,97,8,BROAD_CATCH,"Name(id='Exception', ctx=Load())",LOW,False
qtrader/tca/benchmark.py,150,8,BROAD_CATCH,"Name(id='Exception', ctx=Load())",LOW,False
qtrader/tca/benchmark.py,114,12,BROAD_CATCH,"Name(id='Exception', ctx=Load())",LOW,False
qtrader/tca/cost_attribution.py,123,8,BROAD_CATCH,"Name(id='Exception', ctx=Load())",LOW,False
qtrader/tca/implementation_shortfall.py,121,8,BROAD_CATCH,"Name(id='Exception', ctx=Load())",LOW,False
qtrader/tca/tca_report.py,131,8,BROAD_CATCH,"Name(id='Exception', ctx=Load())",LOW,False
qtrader/tca/slippage.py,136,8,BROAD_CATCH,"Name(id='Exception', ctx=Load())",LOW,False
qtrader/core/db.py,41,12,BROAD_CATCH,"Name(id='Exception', ctx=Load())",HIGH,False
qtrader/core/db.py,64,12,BROAD_CATCH,"Name(id='Exception', ctx=Load())",HIGH,True
qtrader/core/db.py,64,12,SILENT_FAILURE,"Name(id='Exception', ctx=Load())",HIGH,True
qtrader/core/timer.py,37,21,ASYNC_FAILURE,unawaited_task,MEDIUM,True
qtrader/core/timer.py,46,12,SILENT_FAILURE,"Attribute(value=Name(id='asyncio', ctx=Load()), attr='CancelledError', ctx=Load())",HIGH,True
qtrader/core/timer.py,64,12,SILENT_FAILURE,"Attribute(value=Name(id='asyncio', ctx=Load()), attr='CancelledError', ctx=Load())",HIGH,True
qtrader/core/timer.py,66,12,BROAD_CATCH,"Name(id='Exception', ctx=Load())",HIGH,True
qtrader/core/timer.py,66,12,SILENT_FAILURE,"Name(id='Exception', ctx=Load())",HIGH,True
qtrader/core/event_factory.py,94,8,BROAD_CATCH,"Name(id='Exception', ctx=Load())",HIGH,False
qtrader/core/event_bus.py,69,19,ASYNC_FAILURE,unawaited_task,MEDIUM,True
qtrader/core/event_bus.py,152,12,SILENT_FAILURE,"Attribute(value=Name(id='asyncio', ctx=Load()), attr='CancelledError', ctx=Load())",HIGH,True
qtrader/core/event_bus.py,154,12,BROAD_CATCH,"Name(id='Exception', ctx=Load())",HIGH,True
qtrader/core/event_bus.py,154,12,SILENT_FAILURE,"Name(id='Exception', ctx=Load())",HIGH,True
qtrader/core/event_bus.py,169,12,BROAD_CATCH,"Name(id='Exception', ctx=Load())",HIGH,True
qtrader/core/event_bus.py,169,12,SILENT_FAILURE,"Name(id='Exception', ctx=Load())",HIGH,True
qtrader/core/event_store.py,85,16,BROAD_CATCH,"Name(id='Exception', ctx=Load())",HIGH,True
qtrader/core/event_store.py,85,16,SILENT_FAILURE,"Name(id='Exception', ctx=Load())",HIGH,True
qtrader/core/event_store.py,83,28,BROAD_CATCH,"Name(id='Exception', ctx=Load())",HIGH,True
qtrader/core/event_store.py,83,28,SILENT_FAILURE,"Name(id='Exception', ctx=Load())",HIGH,True
qtrader/core/event_store.py,123,8,BROAD_CATCH,"Name(id='Exception', ctx=Load())",HIGH,False
qtrader/core/event_store.py,167,20,BROAD_CATCH,"Name(id='Exception', ctx=Load())",HIGH,True
qtrader/core/event_store.py,167,20,SILENT_FAILURE,"Name(id='Exception', ctx=Load())",HIGH,True
qtrader/core/event_store.py,200,20,BROAD_CATCH,"Name(id='Exception', ctx=Load())",HIGH,True
qtrader/core/event_store.py,200,20,SILENT_FAILURE,"Name(id='Exception', ctx=Load())",HIGH,True
qtrader/core/resource_monitor.py,12,0,SILENT_FAILURE,"Name(id='ImportError', ctx=Load())",HIGH,True
qtrader/core/resource_monitor.py,56,32,ASYNC_FAILURE,unawaited_task,MEDIUM,True
qtrader/core/resource_monitor.py,66,12,SILENT_FAILURE,"Attribute(value=Name(id='asyncio', ctx=Load()), attr='CancelledError', ctx=Load())",HIGH,True
qtrader/core/resource_monitor.py,128,8,BROAD_CATCH,"Name(id='Exception', ctx=Load())",HIGH,True
qtrader/core/resource_monitor.py,128,8,SILENT_FAILURE,"Name(id='Exception', ctx=Load())",HIGH,True
qtrader/core/resource_monitor.py,154,12,BROAD_CATCH,"Name(id='Exception', ctx=Load())",HIGH,True
qtrader/core/resource_monitor.py,154,12,SILENT_FAILURE,"Name(id='Exception', ctx=Load())",HIGH,True
qtrader/core/resource_monitor.py,164,12,BROAD_CATCH,"Name(id='Exception', ctx=Load())",HIGH,True
qtrader/core/resource_monitor.py,164,12,SILENT_FAILURE,"Name(id='Exception', ctx=Load())",HIGH,True
qtrader/core/resource_monitor.py,174,12,BROAD_CATCH,"Name(id='Exception', ctx=Load())",HIGH,True
qtrader/core/resource_monitor.py,174,12,SILENT_FAILURE,"Name(id='Exception', ctx=Load())",HIGH,True
qtrader/core/orchestrator.py,26,0,SILENT_FAILURE,"Name(id='ImportError', ctx=Load())",HIGH,True
qtrader/core/orchestrator.py,179,8,BROAD_CATCH,"Name(id='Exception', ctx=Load())",HIGH,True
qtrader/core/orchestrator.py,179,8,SILENT_FAILURE,"Name(id='Exception', ctx=Load())",HIGH,True
qtrader/core/orchestrator.py,210,8,BROAD_CATCH,"Name(id='Exception', ctx=Load())",HIGH,True
qtrader/core/orchestrator.py,210,8,SILENT_FAILURE,"Name(id='Exception', ctx=Load())",HIGH,True
qtrader/core/orchestrator.py,245,8,BROAD_CATCH,"Name(id='Exception', ctx=Load())",HIGH,True
qtrader/core/orchestrator.py,245,8,SILENT_FAILURE,"Name(id='Exception', ctx=Load())",HIGH,True
qtrader/core/orchestrator.py,329,8,BROAD_CATCH,"Name(id='Exception', ctx=Load())",HIGH,True
qtrader/core/orchestrator.py,329,8,SILENT_FAILURE,"Name(id='Exception', ctx=Load())",HIGH,True
qtrader/core/orchestrator.py,375,8,BROAD_CATCH,"Name(id='Exception', ctx=Load())",HIGH,True
qtrader/core/orchestrator.py,375,8,SILENT_FAILURE,"Name(id='Exception', ctx=Load())",HIGH,True
qtrader/core/orchestrator.py,435,8,BROAD_CATCH,"Name(id='Exception', ctx=Load())",HIGH,True
qtrader/core/orchestrator.py,435,8,SILENT_FAILURE,"Name(id='Exception', ctx=Load())",HIGH,True
qtrader/core/orchestrator.py,448,8,BROAD_CATCH,"Name(id='Exception', ctx=Load())",HIGH,True
qtrader/core/orchestrator.py,448,8,SILENT_FAILURE,"Name(id='Exception', ctx=Load())",HIGH,True
qtrader/core/orchestrator.py,652,28,ASYNC_FAILURE,unawaited_task,MEDIUM,True
qtrader/core/orchestrator.py,664,8,BROAD_CATCH,"Name(id='Exception', ctx=Load())",HIGH,True
qtrader/core/orchestrator.py,664,8,SILENT_FAILURE,"Name(id='Exception', ctx=Load())",HIGH,True
qtrader/core/orchestrator.py,612,16,BROAD_CATCH,"Name(id='Exception', ctx=Load())",HIGH,True
qtrader/core/orchestrator.py,612,16,SILENT_FAILURE,"Name(id='Exception', ctx=Load())",HIGH,True
qtrader/core/orchestrator.py,662,24,BROAD_CATCH,"Name(id='Exception', ctx=Load())",HIGH,True
qtrader/core/orchestrator.py,662,24,SILENT_FAILURE,"Name(id='Exception', ctx=Load())",HIGH,True
qtrader/core/global_orchestrator.py,146,8,BROAD_CATCH,"Name(id='Exception', ctx=Load())",HIGH,True
qtrader/core/global_orchestrator.py,146,8,SILENT_FAILURE,"Name(id='Exception', ctx=Load())",HIGH,True
qtrader/security/jwt_auth.py,102,0,SILENT_FAILURE,"Name(id='ImportError', ctx=Load())",LOW,True
qtrader/security/jwt_auth.py,89,8,BROAD_CATCH,"Name(id='Exception', ctx=Load())",LOW,False
qtrader/security/middleware.py,40,4,SILENT_FAILURE,"Name(id='ValueError', ctx=Load())",LOW,True
qtrader/security/middleware.py,100,8,BROAD_CATCH,"Name(id='Exception', ctx=Load())",LOW,False
qtrader/features/store.py,54,8,BROAD_CATCH,"Name(id='Exception', ctx=Load())",LOW,True
qtrader/features/store.py,54,8,SILENT_FAILURE,"Name(id='Exception', ctx=Load())",LOW,True
qtrader/features/store.py,93,12,BROAD_CATCH,"Name(id='Exception', ctx=Load())",LOW,True
qtrader/features/store.py,93,12,SILENT_FAILURE,"Name(id='Exception', ctx=Load())",LOW,True
qtrader/features/store.py,153,12,BROAD_CATCH,"Name(id='Exception', ctx=Load())",LOW,True
qtrader/features/store.py,153,12,SILENT_FAILURE,"Name(id='Exception', ctx=Load())",LOW,True
qtrader/features/store.py,244,12,BROAD_CATCH,"Name(id='Exception', ctx=Load())",LOW,True
qtrader/features/store.py,244,12,SILENT_FAILURE,"Name(id='Exception', ctx=Load())",LOW,True
qtrader/features/registry.py,103,12,BROAD_CATCH,"Name(id='Exception', ctx=Load())",LOW,True
qtrader/features/registry.py,103,12,SILENT_FAILURE,"Name(id='Exception', ctx=Load())",LOW,True
qtrader/meta/audit_logger.py,122,8,BROAD_CATCH,"Name(id='Exception', ctx=Load())",LOW,True
qtrader/meta/audit_logger.py,122,8,SILENT_FAILURE,"Name(id='Exception', ctx=Load())",LOW,True
qtrader/meta/constraint_engine.py,70,8,BROAD_CATCH,"Name(id='Exception', ctx=Load())",LOW,True
qtrader/meta/constraint_engine.py,70,8,SILENT_FAILURE,"Name(id='Exception', ctx=Load())",LOW,True
qtrader/backtest/integration.py,388,12,BROAD_CATCH,"Name(id='Exception', ctx=Load())",LOW,True
qtrader/backtest/integration.py,388,12,SILENT_FAILURE,"Name(id='Exception', ctx=Load())",LOW,True
qtrader/backtest/engine.py,41,19,ASYNC_FAILURE,unawaited_task,MEDIUM,True
qtrader/backtest/engine.py,42,26,ASYNC_FAILURE,unawaited_task,MEDIUM,True
qtrader/backtest/tick_engine.py,14,0,SILENT_FAILURE,"Name(id='ImportError', ctx=Load())",LOW,True
qtrader/verification/replay_validator.py,138,8,SILENT_FAILURE,"Tuple(elts=[Name(id='TypeError', ctx=Load()), Name(id='ValueError', ctx=Load())], ctx=Load())",LOW,True
qtrader/system/pipeline_validator.py,62,8,BROAD_CATCH,"Name(id='Exception', ctx=Load())",MEDIUM,False
qtrader/audit/replay_audit.py,90,8,BROAD_CATCH,"Name(id='Exception', ctx=Load())",LOW,False
qtrader/audit/regulatory_export.py,93,12,BROAD_CATCH,"Name(id='Exception', ctx=Load())",LOW,True
qtrader/audit/regulatory_export.py,93,12,SILENT_FAILURE,"Name(id='Exception', ctx=Load())",LOW,True
qtrader/audit/exception_scanner.py,63,8,BROAD_CATCH,"Name(id='Exception', ctx=Load())",LOW,True
qtrader/audit/exception_scanner.py,63,8,SILENT_FAILURE,"Name(id='Exception', ctx=Load())",LOW,True
qtrader/audit/exception_scanner.py,56,12,SILENT_FAILURE,"Name(id='ValueError', ctx=Load())",LOW,True
qtrader/audit/entropy_scanner.py,82,8,BROAD_CATCH,"Name(id='Exception', ctx=Load())",LOW,True
qtrader/audit/entropy_scanner.py,82,8,SILENT_FAILURE,"Name(id='Exception', ctx=Load())",LOW,True
qtrader/audit/audit_store.py,46,8,BROAD_CATCH,"Name(id='Exception', ctx=Load())",LOW,False
qtrader/audit/audit_store.py,87,8,BROAD_CATCH,"Name(id='Exception', ctx=Load())",LOW,False
qtrader/audit/audit_store.py,108,8,BROAD_CATCH,"Name(id='Exception', ctx=Load())",LOW,False
qtrader/audit/compliance_exporter.py,125,8,BROAD_CATCH,"Name(id='Exception', ctx=Load())",LOW,False
qtrader/ml/regime_detector.py,103,8,BROAD_CATCH,"Name(id='Exception', ctx=Load())",MEDIUM,True
qtrader/ml/regime_detector.py,103,8,SILENT_FAILURE,"Name(id='Exception', ctx=Load())",MEDIUM,True
qtrader/ml/regime_detector.py,137,8,BROAD_CATCH,"Name(id='Exception', ctx=Load())",MEDIUM,False
qtrader/ml/regime_detector.py,181,8,BROAD_CATCH,"Name(id='Exception', ctx=Load())",MEDIUM,False
qtrader/ml/regime_detector.py,269,8,BROAD_CATCH,"Name(id='Exception', ctx=Load())",MEDIUM,True
qtrader/ml/regime_detector.py,269,8,SILENT_FAILURE,"Name(id='Exception', ctx=Load())",MEDIUM,True
qtrader/ml/regime_detector.py,448,8,BROAD_CATCH,"Name(id='Exception', ctx=Load())",MEDIUM,False
qtrader/ml/regime.py,13,0,BROAD_CATCH,"Name(id='Exception', ctx=Load())",MEDIUM,True
qtrader/ml/regime.py,13,0,SILENT_FAILURE,"Name(id='Exception', ctx=Load())",MEDIUM,True
qtrader/ml/registry.py,11,0,SILENT_FAILURE,"Name(id='ImportError', ctx=Load())",MEDIUM,True
qtrader/ml/registry.py,31,8,BROAD_CATCH,"Name(id='Exception', ctx=Load())",MEDIUM,False
qtrader/ml/registry.py,102,12,BROAD_CATCH,"Name(id='Exception', ctx=Load())",MEDIUM,True
qtrader/ml/registry.py,102,12,SILENT_FAILURE,"Name(id='Exception', ctx=Load())",MEDIUM,True
qtrader/ml/__init__.py,20,0,SILENT_FAILURE,"Tuple(elts=[Name(id='ImportError', ctx=Load()), Name(id='RuntimeError', ctx=Load())], ctx=Load())",MEDIUM,True
qtrader/ml/mlflow_manager.py,27,0,SILENT_FAILURE,"Name(id='ImportError', ctx=Load())",MEDIUM,True
qtrader/ml/mlflow_manager.py,104,8,BROAD_CATCH,"Name(id='Exception', ctx=Load())",MEDIUM,True
qtrader/ml/mlflow_manager.py,104,8,SILENT_FAILURE,"Name(id='Exception', ctx=Load())",MEDIUM,True
qtrader/ml/mlflow_manager.py,147,8,BROAD_CATCH,"Name(id='Exception', ctx=Load())",MEDIUM,False
qtrader/ml/mlflow_manager.py,200,12,BROAD_CATCH,"Name(id='Exception', ctx=Load())",MEDIUM,True
qtrader/ml/mlflow_manager.py,200,12,SILENT_FAILURE,"Name(id='Exception', ctx=Load())",MEDIUM,True
qtrader/ml/mlflow_manager.py,227,12,BROAD_CATCH,"Name(id='Exception', ctx=Load())",MEDIUM,True
qtrader/ml/mlflow_manager.py,227,12,SILENT_FAILURE,"Name(id='Exception', ctx=Load())",MEDIUM,True
qtrader/ml/mlflow_manager.py,268,8,BROAD_CATCH,"Name(id='Exception', ctx=Load())",MEDIUM,False
qtrader/ml/mlflow_manager.py,328,8,BROAD_CATCH,"Name(id='Exception', ctx=Load())",MEDIUM,False
qtrader/ml/mlflow_manager.py,377,8,BROAD_CATCH,"Name(id='Exception', ctx=Load())",MEDIUM,False
qtrader/ml/mlflow_manager.py,507,8,BROAD_CATCH,"Name(id='Exception', ctx=Load())",MEDIUM,False
qtrader/ml/mlflow_manager.py,532,8,BROAD_CATCH,"Name(id='Exception', ctx=Load())",MEDIUM,False
qtrader/ml/mlflow_manager.py,579,8,BROAD_CATCH,"Name(id='Exception', ctx=Load())",MEDIUM,False
qtrader/ml/mlflow_manager.py,604,8,BROAD_CATCH,"Name(id='Exception', ctx=Load())",MEDIUM,False
qtrader/ml/mlflow_manager.py,631,8,BROAD_CATCH,"Name(id='Exception', ctx=Load())",MEDIUM,False
qtrader/ml/mlflow_manager.py,663,8,BROAD_CATCH,"Name(id='Exception', ctx=Load())",MEDIUM,False
qtrader/ml/meta_online.py,254,8,BROAD_CATCH,"Name(id='Exception', ctx=Load())",MEDIUM,False
qtrader/ml/autonomous.py,47,8,BROAD_CATCH,"Name(id='Exception', ctx=Load())",MEDIUM,False
qtrader/ml/autonomous.py,90,8,BROAD_CATCH,"Name(id='Exception', ctx=Load())",MEDIUM,True
qtrader/ml/autonomous.py,90,8,SILENT_FAILURE,"Name(id='Exception', ctx=Load())",MEDIUM,True
qtrader/ml/hmm_smoother.py,11,0,BROAD_CATCH,"Name(id='Exception', ctx=Load())",MEDIUM,True
qtrader/ml/hmm_smoother.py,11,0,SILENT_FAILURE,"Name(id='Exception', ctx=Load())",MEDIUM,True
qtrader/ml/hmm_regime.py,14,0,SILENT_FAILURE,"Name(id='ImportError', ctx=Load())",MEDIUM,True
qtrader/execution/multi_exchange_adapter.py,50,12,BROAD_CATCH,"Name(id='Exception', ctx=Load())",HIGH,True
qtrader/execution/multi_exchange_adapter.py,50,12,SILENT_FAILURE,"Name(id='Exception', ctx=Load())",HIGH,True
qtrader/execution/multi_exchange_adapter.py,56,12,BROAD_CATCH,"Name(id='Exception', ctx=Load())",HIGH,True
qtrader/execution/multi_exchange_adapter.py,56,12,SILENT_FAILURE,"Name(id='Exception', ctx=Load())",HIGH,True
qtrader/execution/multi_exchange_adapter.py,82,8,BROAD_CATCH,"Name(id='Exception', ctx=Load())",HIGH,True
qtrader/execution/multi_exchange_adapter.py,82,8,SILENT_FAILURE,"Name(id='Exception', ctx=Load())",HIGH,True
qtrader/execution/multi_exchange_adapter.py,126,12,BROAD_CATCH,"Name(id='Exception', ctx=Load())",HIGH,True
qtrader/execution/multi_exchange_adapter.py,126,12,SILENT_FAILURE,"Name(id='Exception', ctx=Load())",HIGH,True
qtrader/execution/multi_exchange_adapter.py,147,12,BROAD_CATCH,"Name(id='Exception', ctx=Load())",HIGH,True
qtrader/execution/multi_exchange_adapter.py,147,12,SILENT_FAILURE,"Name(id='Exception', ctx=Load())",HIGH,True
qtrader/execution/multi_exchange_adapter.py,163,12,BROAD_CATCH,"Name(id='Exception', ctx=Load())",HIGH,True
qtrader/execution/multi_exchange_adapter.py,163,12,SILENT_FAILURE,"Name(id='Exception', ctx=Load())",HIGH,True
qtrader/execution/multi_exchange_adapter.py,179,12,BROAD_CATCH,"Name(id='Exception', ctx=Load())",HIGH,True
qtrader/execution/multi_exchange_adapter.py,179,12,SILENT_FAILURE,"Name(id='Exception', ctx=Load())",HIGH,True
qtrader/execution/multi_exchange_adapter.py,195,12,BROAD_CATCH,"Name(id='Exception', ctx=Load())",HIGH,True
qtrader/execution/multi_exchange_adapter.py,195,12,SILENT_FAILURE,"Name(id='Exception', ctx=Load())",HIGH,True
qtrader/execution/slippage_model.py,99,8,BROAD_CATCH,"Name(id='Exception', ctx=Load())",HIGH,False
qtrader/execution/objective.py,84,8,BROAD_CATCH,"Name(id='Exception', ctx=Load())",HIGH,False
qtrader/execution/reconciliation_service.py,120,8,BROAD_CATCH,"Name(id='Exception', ctx=Load())",HIGH,True
qtrader/execution/reconciliation_service.py,120,8,SILENT_FAILURE,"Name(id='Exception', ctx=Load())",HIGH,True
qtrader/execution/reconciliation_service.py,134,8,BROAD_CATCH,"Name(id='Exception', ctx=Load())",HIGH,False
qtrader/execution/reconciliation_service.py,161,8,BROAD_CATCH,"Name(id='Exception', ctx=Load())",HIGH,False
qtrader/execution/reconciliation_service.py,220,8,BROAD_CATCH,"Name(id='Exception', ctx=Load())",HIGH,False
qtrader/execution/execution_engine.py,173,24,ASYNC_FAILURE,unawaited_task,MEDIUM,True
qtrader/execution/execution_engine.py,188,8,BROAD_CATCH,"Name(id='Exception', ctx=Load())",HIGH,False
qtrader/execution/execution_engine.py,319,44,ASYNC_FAILURE,unawaited_task,MEDIUM,True
qtrader/execution/execution_engine.py,329,12,SILENT_FAILURE,"Attribute(value=Name(id='asyncio', ctx=Load()), attr='CancelledError', ctx=Load())",HIGH,True
qtrader/execution/execution_engine.py,375,8,BROAD_CATCH,"Name(id='Exception', ctx=Load())",HIGH,False
qtrader/execution/execution_engine.py,447,12,SILENT_FAILURE,"Attribute(value=Name(id='asyncio', ctx=Load()), attr='CancelledError', ctx=Load())",HIGH,True
qtrader/execution/execution_engine.py,449,12,BROAD_CATCH,"Name(id='Exception', ctx=Load())",HIGH,True
qtrader/execution/execution_engine.py,449,12,SILENT_FAILURE,"Name(id='Exception', ctx=Load())",HIGH,True
qtrader/execution/market_state.py,8,0,BROAD_CATCH,"Name(id='Exception', ctx=Load())",HIGH,True
qtrader/execution/market_state.py,8,0,SILENT_FAILURE,"Name(id='Exception', ctx=Load())",HIGH,True
qtrader/execution/market_state.py,86,12,BROAD_CATCH,"Name(id='Exception', ctx=Load())",HIGH,True
qtrader/execution/market_state.py,86,12,SILENT_FAILURE,"Name(id='Exception', ctx=Load())",HIGH,True
qtrader/execution/state_builder.py,112,8,BROAD_CATCH,"Name(id='Exception', ctx=Load())",HIGH,False
qtrader/execution/retry_handler.py,41,8,BROAD_CATCH,"Name(id='Exception', ctx=Load())",HIGH,True
qtrader/execution/retry_handler.py,41,8,SILENT_FAILURE,"Name(id='Exception', ctx=Load())",HIGH,True
qtrader/execution/reconciliation_engine.py,80,12,BROAD_CATCH,"Name(id='Exception', ctx=Load())",HIGH,True
qtrader/execution/reconciliation_engine.py,80,12,SILENT_FAILURE,"Name(id='Exception', ctx=Load())",HIGH,True
qtrader/execution/http.py,64,16,BROAD_CATCH,"Name(id='Exception', ctx=Load())",HIGH,False
qtrader/execution/cost_model.py,96,8,BROAD_CATCH,"Name(id='Exception', ctx=Load())",HIGH,False
qtrader/execution/orderbook_enhanced.py,115,8,BROAD_CATCH,"Name(id='Exception', ctx=Load())",HIGH,True
qtrader/execution/orderbook_enhanced.py,115,8,SILENT_FAILURE,"Name(id='Exception', ctx=Load())",HIGH,True
qtrader/execution/shadow_engine.py,306,8,BROAD_CATCH,"Name(id='Exception', ctx=Load())",HIGH,True
qtrader/execution/shadow_engine.py,306,8,SILENT_FAILURE,"Name(id='Exception', ctx=Load())",HIGH,True
qtrader/execution/shadow_engine.py,316,8,BROAD_CATCH,"Name(id='Exception', ctx=Load())",HIGH,True
qtrader/execution/shadow_engine.py,316,8,SILENT_FAILURE,"Name(id='Exception', ctx=Load())",HIGH,True
qtrader/execution/shadow_engine.py,335,8,BROAD_CATCH,"Name(id='Exception', ctx=Load())",HIGH,True
qtrader/execution/shadow_engine.py,335,8,SILENT_FAILURE,"Name(id='Exception', ctx=Load())",HIGH,True
qtrader/execution/rl_agent.py,88,12,BROAD_CATCH,"Name(id='Exception', ctx=Load())",HIGH,True
qtrader/execution/rl_agent.py,88,12,SILENT_FAILURE,"Name(id='Exception', ctx=Load())",HIGH,True
qtrader/execution/rl_agent.py,131,8,BROAD_CATCH,"Name(id='Exception', ctx=Load())",HIGH,False
qtrader/execution/microstructure/imbalance.py,62,8,BROAD_CATCH,"Name(id='Exception', ctx=Load())",HIGH,False
qtrader/execution/microstructure/microprice.py,40,8,BROAD_CATCH,"Name(id='Exception', ctx=Load())",HIGH,False
qtrader/execution/microstructure/queue_model.py,104,8,BROAD_CATCH,"Name(id='Exception', ctx=Load())",HIGH,False
qtrader/execution/microstructure/toxic_flow.py,74,8,BROAD_CATCH,"Name(id='Exception', ctx=Load())",HIGH,False
qtrader/execution/microstructure/spread_model.py,76,8,BROAD_CATCH,"Name(id='Exception', ctx=Load())",HIGH,False
qtrader/execution/microstructure/hidden_liquidity.py,64,8,BROAD_CATCH,"Name(id='Exception', ctx=Load())",HIGH,False
qtrader/execution/exchange/binance_adapter.py,106,8,BROAD_CATCH,"Name(id='Exception', ctx=Load())",HIGH,False
qtrader/execution/exchange/binance_adapter.py,142,8,BROAD_CATCH,"Name(id='Exception', ctx=Load())",HIGH,False
qtrader/execution/exchange/binance_adapter.py,165,8,BROAD_CATCH,"Name(id='Exception', ctx=Load())",HIGH,False
qtrader/execution/exchange/coinbase_adapter.py,79,8,BROAD_CATCH,"Name(id='Exception', ctx=Load())",HIGH,False
qtrader/execution/exchange/coinbase_adapter.py,102,8,BROAD_CATCH,"Name(id='Exception', ctx=Load())",HIGH,False
qtrader/execution/exchange/coinbase_adapter.py,121,8,BROAD_CATCH,"Name(id='Exception', ctx=Load())",HIGH,False
qtrader/execution/core/fill_probability.py,75,8,BROAD_CATCH,"Name(id='Exception', ctx=Load())",HIGH,False
qtrader/execution/adapters/binance_adapter.py,66,8,BROAD_CATCH,"Name(id='Exception', ctx=Load())",HIGH,False
qtrader/execution/adapters/binance_adapter.py,90,8,BROAD_CATCH,"Name(id='Exception', ctx=Load())",HIGH,False
qtrader/execution/adapters/broker_bridge.py,46,8,BROAD_CATCH,"Name(id='Exception', ctx=Load())",HIGH,False
qtrader/execution/adapters/broker_bridge.py,69,8,BROAD_CATCH,"Name(id='Exception', ctx=Load())",HIGH,False
qtrader/execution/routing/cost_model.py,97,8,BROAD_CATCH,"Name(id='Exception', ctx=Load())",HIGH,False
qtrader/execution/routing/liquidity_model.py,102,8,BROAD_CATCH,"Name(id='Exception', ctx=Load())",HIGH,False
qtrader/execution/rl/reward.py,85,8,BROAD_CATCH,"Name(id='Exception', ctx=Load())",HIGH,False
qtrader/execution/strategy/slicing.py,120,8,BROAD_CATCH,"Name(id='Exception', ctx=Load())",HIGH,False
qtrader/execution/strategy/scheduler.py,91,8,BROAD_CATCH,"Name(id='Exception', ctx=Load())",HIGH,False
qtrader/hft/optimizer.py,17,0,SILENT_FAILURE,"Name(id='ImportError', ctx=Load())",HIGH,True
qtrader/hft/optimizer.py,32,0,SILENT_FAILURE,"Name(id='ImportError', ctx=Load())",HIGH,True
qtrader/hft/optimizer.py,182,12,BROAD_CATCH,"Name(id='Exception', ctx=Load())",HIGH,True
qtrader/hft/optimizer.py,182,12,SILENT_FAILURE,"Name(id='Exception', ctx=Load())",HIGH,True
qtrader/governance/kill_switch.py,113,8,BROAD_CATCH,"Name(id='Exception', ctx=Load())",LOW,False
qtrader/governance/sandbox.py,89,8,BROAD_CATCH,"Name(id='Exception', ctx=Load())",LOW,False
qtrader/governance/model_risk.py,87,8,BROAD_CATCH,"Name(id='Exception', ctx=Load())",HIGH,False
qtrader/governance/model_risk.py,91,12,BROAD_CATCH,"Name(id='Exception', ctx=Load())",HIGH,True
qtrader/governance/model_risk.py,91,12,SILENT_FAILURE,"Name(id='Exception', ctx=Load())",HIGH,True
qtrader/governance/approval_pipeline.py,110,8,BROAD_CATCH,"Name(id='Exception', ctx=Load())",MEDIUM,False
qtrader/governance/strategy_fsm.py,93,8,BROAD_CATCH,"Name(id='Exception', ctx=Load())",MEDIUM,False
qtrader/governance/strategy_fsm.py,98,12,BROAD_CATCH,"Name(id='Exception', ctx=Load())",MEDIUM,True
qtrader/governance/strategy_fsm.py,98,12,SILENT_FAILURE,"Name(id='Exception', ctx=Load())",MEDIUM,True
qtrader/bot/runner.py,287,8,BROAD_CATCH,"Name(id='Exception', ctx=Load())",LOW,True
qtrader/bot/runner.py,287,8,SILENT_FAILURE,"Name(id='Exception', ctx=Load())",LOW,True
qtrader/bot/runner.py,325,8,BROAD_CATCH,"Name(id='Exception', ctx=Load())",LOW,False
qtrader/bot/runner.py,367,8,BROAD_CATCH,"Name(id='Exception', ctx=Load())",LOW,True
qtrader/bot/runner.py,367,8,SILENT_FAILURE,"Name(id='Exception', ctx=Load())",LOW,True
qtrader/bot/runner.py,492,8,BROAD_CATCH,"Name(id='Exception', ctx=Load())",LOW,True
qtrader/bot/runner.py,492,8,SILENT_FAILURE,"Name(id='Exception', ctx=Load())",LOW,True
qtrader/bot/runner.py,448,16,BROAD_CATCH,"Name(id='Exception', ctx=Load())",LOW,True
qtrader/bot/runner.py,448,16,SILENT_FAILURE,"Name(id='Exception', ctx=Load())",LOW,True
qtrader/bot/runner.py,577,8,BROAD_CATCH,"Name(id='Exception', ctx=Load())",LOW,True
qtrader/bot/runner.py,577,8,SILENT_FAILURE,"Name(id='Exception', ctx=Load())",LOW,True
qtrader/bot/runner.py,614,12,SILENT_FAILURE,"Name(id='ValueError', ctx=Load())",LOW,True
qtrader/bot/runner.py,624,8,SILENT_FAILURE,"Name(id='ValueError', ctx=Load())",LOW,True
qtrader/bot/runner.py,632,8,BROAD_CATCH,"Name(id='Exception', ctx=Load())",LOW,True
qtrader/bot/runner.py,632,8,SILENT_FAILURE,"Name(id='Exception', ctx=Load())",LOW,True
qtrader/bot/runner.py,639,16,BROAD_CATCH,"Name(id='Exception', ctx=Load())",LOW,True
qtrader/bot/runner.py,639,16,SILENT_FAILURE,"Name(id='Exception', ctx=Load())",LOW,True
qtrader/bot/runner.py,660,8,SILENT_FAILURE,"Attribute(value=Name(id='asyncio', ctx=Load()), attr='CancelledError', ctx=Load())",LOW,True
qtrader/bot/runner.py,665,4,SILENT_FAILURE,"Name(id='KeyboardInterrupt', ctx=Load())",LOW,True
qtrader/monitoring/warroom_service.py,62,23,ASYNC_FAILURE,unawaited_task,MEDIUM,True
qtrader/monitoring/warroom_service.py,124,12,BROAD_CATCH,"Name(id='Exception', ctx=Load())",LOW,True
qtrader/monitoring/warroom_service.py,124,12,SILENT_FAILURE,"Name(id='Exception', ctx=Load())",LOW,True
qtrader/monitoring/warroom_service.py,121,20,BROAD_CATCH,"Name(id='Exception', ctx=Load())",LOW,True
qtrader/monitoring/warroom_service.py,121,20,SILENT_FAILURE,"Name(id='Exception', ctx=Load())",LOW,True
qtrader/monitoring/api.py,30,12,BROAD_CATCH,"Name(id='Exception', ctx=Load())",LOW,True
qtrader/monitoring/api.py,30,12,SILENT_FAILURE,"Name(id='Exception', ctx=Load())",LOW,True
qtrader/monitoring/api.py,69,4,SILENT_FAILURE,"Name(id='WebSocketDisconnect', ctx=Load())",LOW,True
qtrader/monitoring/alert_router.py,125,8,BROAD_CATCH,"Name(id='Exception', ctx=Load())",LOW,False
qtrader/monitoring/alert_router.py,167,8,BROAD_CATCH,"Name(id='Exception', ctx=Load())",LOW,False
qtrader/monitoring/alert_router.py,201,8,BROAD_CATCH,"Name(id='Exception', ctx=Load())",LOW,False
qtrader/monitoring/feedback/live_feedback_engine.py,144,8,BROAD_CATCH,"Name(id='Exception', ctx=Load())",LOW,True
qtrader/monitoring/feedback/live_feedback_engine.py,144,8,SILENT_FAILURE,"Name(id='Exception', ctx=Load())",LOW,True
qtrader/monitoring/feedback/live_feedback_engine.py,184,8,BROAD_CATCH,"Name(id='Exception', ctx=Load())",LOW,True
qtrader/monitoring/feedback/live_feedback_engine.py,184,8,SILENT_FAILURE,"Name(id='Exception', ctx=Load())",LOW,True
qtrader/monitoring/feedback/live_feedback_engine.py,526,8,BROAD_CATCH,"Name(id='Exception', ctx=Load())",LOW,True
qtrader/monitoring/feedback/live_feedback_engine.py,526,8,SILENT_FAILURE,"Name(id='Exception', ctx=Load())",LOW,True
qtrader/monitoring/feedback/feedback_engine.py,93,8,BROAD_CATCH,"Name(id='Exception', ctx=Load())",LOW,True
qtrader/monitoring/feedback/feedback_engine.py,93,8,SILENT_FAILURE,"Name(id='Exception', ctx=Load())",LOW,True
qtrader/monitoring/feedback/feedback_engine.py,122,8,BROAD_CATCH,"Name(id='Exception', ctx=Load())",LOW,True
qtrader/monitoring/feedback/feedback_engine.py,122,8,SILENT_FAILURE,"Name(id='Exception', ctx=Load())",LOW,True
qtrader/monitoring/feedback/feedback_engine.py,229,12,SILENT_FAILURE,"Tuple(elts=[Name(id='ValueError', ctx=Load()), Name(id='TypeError', ctx=Load())], ctx=Load())",LOW,True
qtrader/monitoring/feedback/feedback_engine.py,273,8,BROAD_CATCH,"Name(id='Exception', ctx=Load())",LOW,False
qtrader/monitoring/feedback/feedback_engine.py,345,8,BROAD_CATCH,"Name(id='Exception', ctx=Load())",LOW,True
qtrader/monitoring/feedback/feedback_engine.py,345,8,SILENT_FAILURE,"Name(id='Exception', ctx=Load())",LOW,True
qtrader/data/datalake.py,62,12,SILENT_FAILURE,"Name(id='FileNotFoundError', ctx=Load())",LOW,True
qtrader/data/duckdb_client.py,304,8,BROAD_CATCH,"Name(id='Exception', ctx=Load())",LOW,True
qtrader/data/duckdb_client.py,304,8,SILENT_FAILURE,"Name(id='Exception', ctx=Load())",LOW,True
qtrader/data/pipeline/orchestrator.py,125,8,BROAD_CATCH,"Name(id='Exception', ctx=Load())",MEDIUM,False
qtrader/data/pipeline/sources/coinbase.py,58,12,SILENT_FAILURE,"Attribute(value=Name(id='websockets', ctx=Load()), attr='ConnectionClosed', ctx=Load())",MEDIUM,True
qtrader/data/pipeline/sources/coinbase.py,62,12,BROAD_CATCH,"Name(id='Exception', ctx=Load())",MEDIUM,True
qtrader/data/pipeline/sources/coinbase.py,62,12,SILENT_FAILURE,"Name(id='Exception', ctx=Load())",MEDIUM,True
qtrader/data/market/market_feed.py,81,27,ASYNC_FAILURE,unawaited_task,MEDIUM,True
qtrader/data/market/market_feed.py,83,27,ASYNC_FAILURE,unawaited_task,MEDIUM,True
qtrader/data/market/market_feed.py,115,8,BROAD_CATCH,"Name(id='Exception', ctx=Load())",LOW,True
qtrader/data/market/market_feed.py,115,8,SILENT_FAILURE,"Name(id='Exception', ctx=Load())",LOW,True
qtrader/data/market/coinbase_market.py,138,12,BROAD_CATCH,"Name(id='Exception', ctx=Load())",LOW,True
qtrader/data/market/coinbase_market.py,138,12,SILENT_FAILURE,"Name(id='Exception', ctx=Load())",LOW,True
qtrader/data/market/snapshot_recovery.py,91,8,BROAD_CATCH,"Name(id='Exception', ctx=Load())",LOW,False
qtrader/data/market/clock_sync.py,54,26,ASYNC_FAILURE,unawaited_task,MEDIUM,True
qtrader/data/market/clock_sync.py,63,12,SILENT_FAILURE,"Attribute(value=Name(id='asyncio', ctx=Load()), attr='CancelledError', ctx=Load())",LOW,True
qtrader/data/market/clock_sync.py,105,8,BROAD_CATCH,"Name(id='Exception', ctx=Load())",LOW,False
qtrader/alpha/registry.py,33,12,BROAD_CATCH,"Name(id='Exception', ctx=Load())",MEDIUM,True
qtrader/alpha/registry.py,33,12,SILENT_FAILURE,"Name(id='Exception', ctx=Load())",MEDIUM,True
qtrader/alpha/combiner.py,39,12,BROAD_CATCH,"Name(id='Exception', ctx=Load())",MEDIUM,False
qtrader/alpha/feature_importance.py,49,8,BROAD_CATCH,"Name(id='Exception', ctx=Load())",MEDIUM,True
qtrader/alpha/feature_importance.py,49,8,SILENT_FAILURE,"Name(id='Exception', ctx=Load())",MEDIUM,True
qtrader/alpha/base.py,72,8,BROAD_CATCH,"Name(id='Exception', ctx=Load())",MEDIUM,False
qtrader/risk/runtime_risk_engine.py,99,8,BROAD_CATCH,"Name(id='Exception', ctx=Load())",HIGH,False
qtrader/risk/portfolio_allocator_enhanced.py,160,8,BROAD_CATCH,"Name(id='Exception', ctx=Load())",HIGH,True
qtrader/risk/portfolio_allocator_enhanced.py,160,8,SILENT_FAILURE,"Name(id='Exception', ctx=Load())",HIGH,True
qtrader/risk/factor_risk.py,125,8,BROAD_CATCH,"Name(id='Exception', ctx=Load())",HIGH,False
qtrader/risk/network_kill_switch.py,63,12,SILENT_FAILURE,"Name(id='RuntimeError', ctx=Load())",HIGH,True
qtrader/risk/network_kill_switch.py,79,12,SILENT_FAILURE,"Name(id='RuntimeError', ctx=Load())",HIGH,True
qtrader/risk/network_kill_switch.py,139,12,BROAD_CATCH,"Name(id='Exception', ctx=Load())",HIGH,True
qtrader/risk/network_kill_switch.py,139,12,SILENT_FAILURE,"Name(id='Exception', ctx=Load())",HIGH,True
qtrader/risk/portfolio/capital_allocator.py,119,8,BROAD_CATCH,"Name(id='Exception', ctx=Load())",HIGH,False
qtrader/risk/portfolio/multi_asset_engine.py,96,8,BROAD_CATCH,"Name(id='Exception', ctx=Load())",HIGH,False
qtrader/validation/coverage.py,98,8,BROAD_CATCH,"Name(id='Exception', ctx=Load())",LOW,False
qtrader/validation/stress_test.py,111,8,BROAD_CATCH,"Name(id='Exception', ctx=Load())",LOW,False
qtrader/validation/fidelity.py,101,8,BROAD_CATCH,"Name(id='Exception', ctx=Load())",LOW,False
qtrader/validation/simulation_validator.py,111,8,BROAD_CATCH,"Name(id='Exception', ctx=Load())",LOW,False
qtrader/strategy/ensemble_strategy.py,16,0,SILENT_FAILURE,"Name(id='ImportError', ctx=Load())",MEDIUM,True
qtrader/strategy/ensemble_strategy.py,127,12,BROAD_CATCH,"Name(id='Exception', ctx=Load())",MEDIUM,True
qtrader/strategy/ensemble_strategy.py,127,12,SILENT_FAILURE,"Name(id='Exception', ctx=Load())",MEDIUM,True
qtrader/strategy/decision_logger.py,90,8,BROAD_CATCH,"Name(id='Exception', ctx=Load())",MEDIUM,False
qtrader/strategy/alpha_base.py,80,8,BROAD_CATCH,"Name(id='Exception', ctx=Load())",MEDIUM,False
qtrader/strategy/regime_meta_strategy.py,78,8,BROAD_CATCH,"Name(id='Exception', ctx=Load())",MEDIUM,True
qtrader/strategy/regime_meta_strategy.py,78,8,SILENT_FAILURE,"Name(id='Exception', ctx=Load())",MEDIUM,True
